source_ids	portable_path	portable_sha256	artifact_role	migration_status	verification	note
DP-S000;DP-S100;DP-S200;DP-S201;DP-S300;DP-S305;DP-S306;DP-S307;DP-S308;DP-S400;DP-S401;DP-S403;DP-S404;DP-S405;DP-S406;DP-S407;DP-S408;DP-S409;DP-S500;DP-S501;DP-S502;DP-S503;DP-S504;DP-S600;DP-S601;DP-S602;DP-S603;DP-S604;DP-S700;DP-S701;DP-S702;DP-S703;DP-S704;DP-S710;DP-S711;DP-S712;DP-S713;DP-S714;DP-S715;DP-S716;DP-S717;DP-S718;DP-S719;DP-S721;DP-S722;DP-S723;DP-S724;DP-S725	analysis/data_preprocessing/CMakeLists.txt	6a8ab5f0eeee6caa4ca50370bd6ecb8a566e03f70c1bad44407d103f61d295f5	scoped_build	migrated	server_eighteen_test_suite_passed	CMake version 0.15 builds M1--M12; the isolated ROOT 6.28/GCC 9.4 server build passes all eighteen synthetic tests.
DP-S305	analysis/data_preprocessing/include/LinkDef.h	f15fe5d3878063f03275cfff9161c9458dfaa8da028bd98ed9d62f8b30807649	root_dictionary_declarations	migrated	server_dictionary_test_passed	Only t_2d_fit and t_gamma_cali are linked; shower-reconstruction types are deferred.
DP-S301	analysis/data_preprocessing/include/t_2d_fit.h	519f37f86305811e94077e1875bbbe7e9d709b8dc6440438db3358d9ee03e573	public_class_header	migrated	layout_and_logic_tests_passed	Historical class name inheritance stored array public interface and class version 2 are retained.
DP-S303	analysis/data_preprocessing/include/t_gamma_cali.h	79b1764a24842d6197984b918d398403e82ac123673296800503f248ead3d8b4	public_class_header	migrated	layout_logic_and_historical_object_read_passed	Historical calibration arrays gain-switch interface energy points and class version 2 are retained.
DP-S302	analysis/data_preprocessing/src/t_2d_fit.cxx	5d9e47d5bf15d7ba3921e0aff1f77812c966fb19f91efbc09d1a188711c35923	class_implementation	migrated	local_and_server_tests_passed	Copy construction now initializes TNamed explicitly but preserves the historical copied state.
DP-S304	analysis/data_preprocessing/src/t_gamma_cali.cxx	452765b03b0703a627ac048f7115db91d73f02b32b6011228727ce95c0275d8c	class_implementation	migrated	local_and_server_tests_passed	Energy conversion fit setup transition formula copy clone and print semantics are retained.
DP-S301;DP-S302;DP-S303;DP-S304	analysis/data_preprocessing/tests/test_calibration_logic.cxx	c1871b48a33d41869a95696bdc7208332327ba38c5e679b24c6dd5c58fd7f551	data_free_validation	added	local_and_server_tests_passed	Checks stored-array sizes gain conversion transition branches array adapter and copy semantics without experimental data.
DP-S301;DP-S302;DP-S303;DP-S304;DP-S305	analysis/data_preprocessing/tests/test_calibration_dictionary.cxx	796f7d1942171e9ccaa672060d8748f3e8e0cbb5b70ec3e16f8fa76a5c7d91e8	data_free_root_validation	added	server_test_passed	Checks class dictionaries version 2 in-memory ROOT streaming and polymorphic cloning.
DP-S303;DP-S304;DP-S305	analysis/data_preprocessing/tests/inspect_calibration_object.cxx	638d8947b088be74fb1db74051ad9f340e34164edfc51d195c6faca1208f52ec	historical_object_inspector	added	cali_20240308_read_passed	Read-only inspector verifies a named t_gamma_cali object and finite stored calibration values without running upstream analysis.
DP-S306	build/G__cshine_gamma_calibration.cxx	generated	generated_dictionary_source	regenerated_not_tracked	local_and_server_generation_passed	Generated in the build tree by rootcling; historical generated source with absolute paths is not copied.
DP-S306	build/libcshine_gamma_calibration_rdict.pcm	generated	root_pcm	regenerated_not_tracked	local_and_server_install_checks_passed	Installed beside the shared library and rootmap.
DP-S306	build/libcshine_gamma_calibration.rootmap	generated	rootmap	regenerated_not_tracked	local_and_server_install_checks_passed	Contains only t_2d_fit and t_gamma_cali.
DP-S000	analysis/data_preprocessing/include/source_background_spectra.h	f68444e2bd6d6596172c3a8f1b27913f312e251603b4062ca38b40585eae6255	public_analysis_header	migrated	server_synthetic_test_passed	Defines the fixed central-0308 source and background contract summaries and portable build entry.
DP-S000	analysis/data_preprocessing/src/source_background_spectra.cxx	51e185ed5e6ab859bd27aa6509366bc66bcd5b095f1ff763ebc5e3cf00b8ab3c	analysis_implementation	migrated	server_synthetic_test_with_nested_output_passed	Retains the 21 plus 24 files strict time window live-time normalization histogram schema object names and statistical-error propagation while parameterizing paths; the M0-M3 closure adds parent-directory creation without changing the calculation.
DP-S000	analysis/data_preprocessing/apps/build_source_spectra.cxx	7b13c5e0a1bf91cc310e20f3913590a6fb054a22fb5ff38a7f59d20a84ba1d82	command_line_entry	added	server_config_and_synthetic_test_passed	Accepts separate input output and report paths rejects existing outputs by default and exposes the frozen central configuration.
DP-S000	analysis/data_preprocessing/tests/test_source_background_spectra.cxx	ee73cadb585ab8e9630327b2c1b1a6aaadc5aeea674a44f061c86b12dbe66fe6	synthetic_root_validation	added	server_test_with_nested_output_passed	Checks strict time boundaries historical object schema normalization negative net bins propagated errors report fields invalid file ranges and automatic nested output-directory creation without experimental data.
DP-S100	analysis/data_preprocessing/include/gain_relation.h	0ca8770a2e9d1f904d61eb09045d23aef36692b0f93ad2110c2e85ba231d84fc	public_analysis_header	migrated	server_synthetic_test_passed	Defines the fixed central-0308 105-file 15-channel gain-relation contract fit summaries and portable entry.
DP-S100	analysis/data_preprocessing/src/gain_relation.cxx	347e76caea8374b90bae3150d366fdfe676673493fbc1bf24365ff9649534287	analysis_implementation	migrated	server_synthetic_test_with_nested_output_passed	Retains the fixed 15-channel strict low-gain selection ROOT TGraph linear fit range slope limits historical canvas layout and f_data storage while parameterizing paths and recording fit diagnostics; the M0-M3 closure adds parent-directory creation without changing the fit.
DP-S100	analysis/data_preprocessing/apps/fit_gain_relation.cxx	59ad24925920a4fe3ba4d5a3f1fbe477db48cc24b6503435a9dc202b4adef476	command_line_entry	added	server_config_install_and_synthetic_test_passed	Accepts distinct input and output paths rejects existing outputs by default exposes the frozen central definition and provides optional canvas exports.
DP-S100	analysis/data_preprocessing/tests/test_gain_relation.cxx	b48e6d26b285fac1e0f65097c31f6bbd8be7632629ae4f447f357ef9ae78c334	synthetic_root_validation	added	server_test_with_nested_output_passed	Checks all 15 channels strict selection boundaries fit-range membership ROOT fit status embedded two-dimensional relation and fit historical canvas layout f_data streaming parameter text report fields overwrite rejection and automatic nested output-directory creation without experimental data.
DP-S200;DP-S201	analysis/data_preprocessing/include/energy_calibration.h	cdc208c485fcf104435ca4de616c851f95dc8c707c265616728224cc7b006055	public_analysis_header	migrated	server_root_synthetic_test_passed	Defines the fixed central-0308 source-peak windows three reference energies historical object names canvas layout summaries and portable M4 entry.
DP-S200;DP-S201	analysis/data_preprocessing/src/energy_calibration.cxx	c84a6edb19cea62ab5ecd8840ff9e01d905bbb35ddc632c6e76e5ad6679da43e	analysis_implementation	migrated	server_root_synthetic_test_passed	Retains the reused Co-60 double-Gaussian function channel-specific windows Gaussian Th-nat fit peak-width x errors three-point t_gamma_cali fit f_data embedding 4-by-4 layout and historical ROOT object names while parameterizing input and output paths.
DP-S200;DP-S201	analysis/data_preprocessing/apps/fit_energy_calibration.cxx	724a1ed26a631f5a8c3cdf85f7dcc301d7a211bd60692601e0e8030d1ab7b7d6	command_line_entry	added	server_config_and_synthetic_test_passed	Accepts separate M2 and M3 ROOT inputs a protected output and report paths exposes the frozen configuration and provides optional canvas exports.
DP-S200;DP-S201	analysis/data_preprocessing/tests/test_energy_calibration.cxx	3d2305cf653ed88ef673ddc581f13211f877e9ea0760be72c24fef7bf76f9599	synthetic_root_validation	added	server_root_synthetic_test_passed	Checks all 15 channel windows peak fits Gaussian-width x-error semantics three-point calibration f_data embedding historical ROOT keys canvas layout report and overwrite guard with synthetic ROOT inputs.
DP-S400;DP-S403	analysis/data_preprocessing/include/time_calibration.h	1b4872f8fbd8af546993ad36faf71a1753c322e4ef63e3314765ac7b3273ca38	public_analysis_header	migrated	server_data_free_test_passed	Defines the 15 historical C0 E0 T0 triplets strict event-production TDC validity window production correction distinct diagnostic no-offset expression and explicit historical macro conversion; it does not claim to reproduce the missing batch fit.
DP-S400;DP-S403	analysis/data_preprocessing/src/time_calibration.cxx	b86eeaac6bcbd6313e92d168bc59530687316d9e75d8841b36e126e5c11207f2	analysis_implementation	migrated	server_data_free_test_passed	Preserves the production get_time_cali formula including T0 subtraction and separately names both the diagnostic expression and the historical floating-to-unsigned macro conversion so their semantics cannot be silently merged.
DP-S400;DP-S403	analysis/data_preprocessing/tests/test_time_calibration.cxx	a63822993cab6acc5f93aeac06b0cfd1c294ebca52f95e658c5ebc06bc88e950	data_free_validation	added	server_data_free_test_passed	Checks parameter-array boundaries TDC units strict event-production window production and diagnostic formulas exact T0 difference NaN handling channel bounds and the historical implicit macro conversion without ROOT data.
DP-S401;DP-S405;DP-S406	analysis/data_preprocessing/include/time_amplitude_spectra.h	2be69216da5aeee278c75d758a0de8a71799b0e591ff91962c68adb00ba45136	public_analysis_header	migrated	server_synthetic_root_test_passed	Defines the reviewed nine-pattern raw-input contract original and historical-diagnostic modes exact histogram schemas inclusive TDC bounds and execution summary.
DP-S401;DP-S405;DP-S406	analysis/data_preprocessing/src/time_amplitude_spectra.cxx	e3565e0ea4c78d8566849bcc653ae4c1bdead29ee6325079c27a2fd473be5ea0	analysis_implementation	migrated	server_synthetic_root_test_passed	Preserves the tree and Int_t branch schema four-channel T0 offsets and averaging inclusive 100 and 4000 input bounds original 60 plus 15 TH2 objects and the explicit diagnostic macro conversion while parameterizing paths threads reports and overwrite protection.
DP-S401;DP-S405;DP-S406	analysis/data_preprocessing/apps/build_time_amplitude_spectra.cxx	2f7ae8ffaef9d37b4e84b19adce4e24f45316e5453f0efab4d99930b769a35c0	command_line_entry	added	server_config_and_synthetic_test_passed	Provides original and historical-corrected modes configurable input output report and thread count frozen configuration printing and an explicit warning that the corrected mode is diagnostic only.
DP-S401;DP-S405;DP-S406	analysis/data_preprocessing/tests/test_time_amplitude_spectra.cxx	296a87c3840e31ac698a182c7fa0338edfff0c4e0f8d942ab81fc51b460ba790	synthetic_root_validation	added	server_root_test_passed	Checks input patterns schema inclusive boundaries T0 averaging event skipping exact histogram names types and binning original and diagnostic modes report generation overwrite rejection and missing-branch failure without experimental data.
DP-S400;DP-S403;DP-S404;DP-S407;DP-S408;DP-S409	analysis/data_preprocessing/include/time_fit_outputs.h	52119da6d4f8a5547b20932481d1f59379b5eb73de0e0f3d0aec8ce281816e6a	public_audit_header	added	server_synthetic_and_historical_audit_passed	Defines parsed fit summaries and the read-only 15-channel historical ROOT/text artifact audit without claiming fit reproduction.
DP-S400;DP-S403;DP-S404;DP-S407;DP-S408;DP-S409	analysis/data_preprocessing/src/time_fit_outputs.cxx	b152a8ca9ad051c82ed3a27ea47df84010c80ed876205f717c3be923c35f3d5f	artifact_audit_implementation	added	server_synthetic_and_historical_audit_passed	Requires f_00 through f_14 ROOT/text pairs checks Canvas_1 and a TH2 parses fit statistics and uncertainties and compares C0 E0 T0 with production values; it never refits or rewrites inputs.
DP-S400;DP-S403;DP-S404;DP-S407;DP-S408;DP-S409	analysis/data_preprocessing/apps/inspect_time_fit_outputs.cxx	fa2ffd8b7c1f2bcdb3a84a283002b2efbb3d88837ed7fc93f7a9feda3de65bc1	command_line_audit_entry	added	server_historical_15_pair_audit_passed	Writes a public-safe TSV artifact report from an authorized historical fits directory and fails on missing objects or parameter mismatches.
DP-S400;DP-S403;DP-S404;DP-S407;DP-S408;DP-S409	analysis/data_preprocessing/tests/test_time_fit_outputs.cxx	94877aad3c2a0b6f1552f9607fe41c116eac787f3badbc91116f1b61cc203d2f	synthetic_root_validation	added	server_root_test_passed	Builds 15 synthetic Canvas_1 ROOT/text pairs and checks parsing object discovery parameter equality report generation nested-directory creation overwrite protection and repeatable process-isolated temporary outputs.
DP-S000;DP-S100	analysis/data_preprocessing/include/output_path_support.h	3580401e36ac0078d8f23e7a4262a6f70391fd56c050c5e965bf8efa13bb6f59	portable_output_support	added	server_m2_m3_nested_output_tests_passed	Creates missing parent directories recursively after input preflight while preserving the existing no-overwrite checks.
DP-S000;DP-S100;DP-S200;DP-S201;DP-S301;DP-S303;DP-S307;DP-S308;DP-S400;DP-S401;DP-S403;DP-S404;DP-S405;DP-S406;DP-S500;DP-S501;DP-S502;DP-S503;DP-S504;DP-S600;DP-S601;DP-S602;DP-S603;DP-S604;DP-S700;DP-S701;DP-S702;DP-S703;DP-S704;DP-S710;DP-S711;DP-S712;DP-S713;DP-S714;DP-S715;DP-S716;DP-S717;DP-S718;DP-S719;DP-S721;DP-S722;DP-S723;DP-S724;DP-S725;DP-S801;DP-S802;DP-S803	tools/data_preprocessing.py	ad1d14dc6a80a6028f2c659e4d5737d3dd21e53f5d410b577b4bb234b89f9a13	unified_reproduction_entry	added	local_orchestration_test_passed	Provides protected M2--M12 run directories and an exact 59-group reconstruction-spectrum merge entry that rejects altered run manifests; M12 remains a read-only observed-spectrum interface.
DP-S000;DP-S100;DP-S200;DP-S201;DP-S307;DP-S308;DP-S400;DP-S401;DP-S403;DP-S404;DP-S405;DP-S406;DP-S500;DP-S501;DP-S502;DP-S503;DP-S504;DP-S600;DP-S601;DP-S602;DP-S603;DP-S604;DP-S700;DP-S701;DP-S702;DP-S703;DP-S704;DP-S710;DP-S711;DP-S712;DP-S713;DP-S714;DP-S715;DP-S716;DP-S717;DP-S718;DP-S719;DP-S721;DP-S722;DP-S723;DP-S724;DP-S725;DP-S801;DP-S802;DP-S803	tools/tests/test_data_preprocessing_tool.py	0845ad6bc870534d2677634b4e0b4ac511a3294f9f3294891d37cdcce98bb818	unified_entry_validation	added	local_full_python_suite_passed	Checks the exact 59-group figure-manifest invariant, successful protected merge orchestration and rejection of altered sample manifests in addition to the existing M2--M12 tests.
-	tools/source_index.py	8a6c5c90ca20ff9a7705bc15f3b03c139fbf2ffed81ac9d45249225a2d4f109d	provenance_discovery_tool	added	local_python_tests_and_full_snapshot_index_passed	Builds a read-only internal index of relative source paths hashes includes candidate symbols ROOT branches objects and file strings; exact duplicates use full-file SHA-256 and matches never select a production version.
-	tools/tests/test_source_index.py	9bdf1bd7dbe9d0d251b471e1952ac74c51c5aafd76baf3e79233835cf6430538	provenance_tool_validation	added	local_python_suite_passed	Checks evidence extraction candidate queries exact duplicate grouping and exclusion of the snapshot absolute path.
-	tools/pipeline_workflow.py	b02ddd5a5548eafafbc49d872aeef46c8e46b7e5f5d4d0093bd415e4519bf6ac	pipeline_registry_tool	updated	local_python_tests_and_registry_check_passed	Validates and queries the reviewed M0B-M13 dependency artifact ROOT-object source-ID thesis-output and unresolved-question registry and rejects account-like public metadata without storing internal usernames.
-	tools/tests/test_pipeline_workflow.py	ac12fd4c768ee39bf57254050c2ae73d6767a87547077ffa85f60d46c2cbeb05	pipeline_tool_validation	updated	local_python_suite_passed	Checks artifact dependencies cycles private-path and account rejection next-stage selection and object-to-stage tracing.
-	tools/figure_workflow.py	dc6eebcd0aa171786727b1b691cf67d54f4d9c29fc78ed385f95ad379bd91cb2	figure_record_tool	updated	local_python_tests_and_record_checks_passed	Creates and validates staged public-safe figure provenance records and rejects absolute paths credentials and generic account-like strings without running analysis or approving figures.
-	tools/tests/test_figure_workflow.py	4725a112ad3b905a96ec41e137e564f320c18d5d819e55ed9c98ea91049cd98f	figure_record_tool_validation	updated	local_python_suite_passed	Checks staged record dependencies checksum-only external artifacts private paths and generic account rejection.
-	analysis/data_preprocessing/provenance/pipeline_stages.json	2f46e6adca7428ebad26598d00287e3887041f0f4a4ac139b6d30d331b8af9c7	machine_readable_pipeline_registry	updated	registry_structure_passed	Closes M0B after freezing the before/after reconstruction spectrum chain and records approved M13 citation and BSD-3-Clause release metadata while preserving the later physics and full-data rerun boundaries.
-	LICENSE	d0fd823c45648cacb2cea28aa6124a53caf2ccb22667f5c8e1a1eced7663af8c	software_license	added	author_approved_bsd_3_clause	Licenses the public analysis source code and documentation; experimental data and generated analysis products remain outside the repository.
DP-S409;DP-S604	CITATION.cff	5a208ecb50b931ce512a3800e1e98e83bc6e2898ddba48ad42689fdd29f64576	citation_metadata	updated	author_approved_citation_license_and_repository_recorded	Provides machine-readable BSD-3-Clause software metadata the canonical GitHub repository URL and both required PRC and PRR associated citations without importing later physics-analysis code.
DP-S409;DP-S604;DP-S801;DP-S802;DP-S803	README.md	9dad7749317a03e3d07e68b58f11ed5d0a5da4ff9e6d689c27b1ca35cd005786	public_project_navigation	updated	m13_documentation_reviewed	Defines the public repository scope and directs users to the ordered runbook compact input-output map data contract citation and no-data release boundary.
DP-S409;DP-S604;DP-S801;DP-S802;DP-S803	REPRODUCE.md	fc56ae0353f7dc3822810e3b2cacafd4ab4bec249e09b3fb706a262f5627a88e	reproduction_entry	updated	documentation_roles_reviewed	Defines requirements verification evidence boundaries and navigation while delegating the only complete M2--M12 command sequence to the ordered Chapter 3 guide.
DP-S409;DP-S604;DP-S801;DP-S802;DP-S803	docs/CHAPTER3_END_TO_END.md	762972bbb1761c3962a11ce076858ed6e99a952998466af818adf988b4195e82	ordered_end_to_end_guide	added	m2_m12_handoffs_reviewed	Defines one exact M2--M12 run order including explicit results directories exact manifests separate beam-on and beam-off M6 executions protected outputs completion checks and the full-data evidence boundary.
DP-S409;DP-S604;DP-S801;DP-S802;DP-S803	docs/DATA_ACCESS.md	cfa903605511f988337753089e7f5b3b4c4cd05e0016ea1b333539d014b91aaf	public_input_contract	updated	m2_m12_input_roles_reviewed	Defines public-safe input trees branches calibration artifacts beam-on and beam-off roles and outputs while excluding later physical-interpretation inputs and private paths.
DP-S409;DP-S604;DP-S801;DP-S802;DP-S803	docs/ANALYSIS_IO_MAP.md	21d7d418c235aaeae2b5fd548a63549073b3e20b297fba782fdef3139b8d4c6d	public_stage_io_crosswalk	added	m0b_m13_registry_crosschecked	Provides one compact public-safe crosswalk from physical input roles through portable outputs principal ROOT handoffs downstream consumers sample manifests and evidence status without collaborator paths.
DP-S409;DP-S604;DP-S801;DP-S802;DP-S803	analysis/README.md	5152fb7d6e5162a3111a7ee5e4479ebbcb3a8a08fa6a7ebc121efc807b151634	analysis_navigation	updated	m1_m12_scope_reviewed	Defines data_preprocessing as the complete repository scope and summarizes the migrated M1--M12 calibration reconstruction background and observed-spectrum components.
DP-S409;DP-S604;DP-S801;DP-S802;DP-S803	analysis/data_preprocessing/README.md	3b160ea35257ae95a6645c9b305b1e25c1915445ba20a76677d8afacccfcae11	analysis_component_navigation	updated	m13_status_reviewed	Records M0B source closure and the ROOT-Python boundary and links the compact stage crosswalk while preserving the full-data rerun and later-analysis boundaries.
DP-S409;DP-S604	tools/README.md	9f0f461534daf5aa30ad826c54b83eb58a514be124b19c281a89209760f9745e	tooling_navigation	updated	m13_documentation_reviewed	Documents the command-surface role of each tool and the strict BSD-3-Clause license and citation checks and points full runs to the ordered guide.
DP-S409;DP-S604;DP-S801;DP-S802;DP-S803	tools/repository_closure.py	f1ead4dcc6c1d967f20e96791f35bbf74a712dc7ed2b62c1298e4f7845bfa90b	repository_closure_entry	updated	local_closure_audit_passed	Checks manifests pipeline figure records required documents BSD license citation metadata ordered handoffs private mounts and generic account-like strings without storing internal usernames.
DP-S409;DP-S604	tools/tests/test_repository_closure.py	5884f5814bbb4a60e66539893fb15bb47f2997dc77f23557e54eee5221479866	repository_closure_validation	updated	local_python_suite_passed	Checks privacy scan exclusions generic account rejection required documents BSD license citation metadata and both beam-on and beam-off M6 handoffs in the authoritative end-to-end guide.
DP-S409;DP-S604;DP-S801;DP-S802;DP-S803	docs/REPRODUCIBILITY_STATUS.md	44e5eb98bc2db6ec53accebb91538569e5d71b0d9416e2194d5c90ffafc45eea	public_reproducibility_status	updated	m13_boundary_reviewed	Defines the migrated-code evidence level points to the compact stage map and records excluded data products historical-object checks and the pending full-data run.
DP-S409;DP-S604;DP-S801;DP-S802;DP-S803	analysis/data_preprocessing/M13_REPOSITORY_CLOSURE_REVIEW.md	61069d7d461cf87f2b0cbcdc233e1c9dbc53f209a2c948a09cc90f43496bdf08	migration_review	updated	m13_closure_reviewed	Documents M13 repository closure the approved citation and BSD-license metadata the no-data release boundary and subsequent M0B source closure without claiming a full experimental rerun.
DP-S409	plotting/records/time-amplitude-csi05.json	be4f7cc247dfb812a770ec38c2c34504d220fc4fe25d6dfc2b962cc547f67f1e	figure_workflow_record	added	real_data_record_checked	Records source contract validation author approval and adopted checksum for the CsI05 time-amplitude figure.
DP-S409	plotting/records/time-amplitude-all.json	bebe66d0cc3b6045165be528ea9349719bcd8f821c74e443d785fbdc46c501a8	figure_workflow_record	added	real_data_record_checked	Records all-channel count conservation common scale author approval and two adopted appendix checksums.
-	plotting/records/cshine-event-display.json	0b57956a4a49b30d54d6a5a2e699f0432b495f500e713d54c2d3f96fb7012dec	figure_workflow_record	updated	numerical_validation_record_checked	Normalizes the previously closed event-display record to the current figure-workflow status vocabulary without changing its selections or adopted artifact.
DP-S500	analysis/data_preprocessing/config/central_beam_on_run_groups.tsv	b38579b10ecdc899bf73c6a8216f61986969628641a55132c4f6536ca64df954	run_group_manifest	added	local_structure_test_passed	Replaces historical source-text mutation with the exact 60 central beam-on run groups and one output filename per group.
DP-S502;DP-S600	analysis/data_preprocessing/include/gamma_raw_data.hpp	e86d87becc3b9fcf9444ee4e01d4c2d62d24ca02cc219d089b2613445a63d728	public_raw_branch_definition	migrated	server_compile_and_synthetic_test_passed	Defines the 15 raw low-gain high-gain and gamma-TDC branch names three veto ADC/TDC branches four T0 branches and historical storage dimensions required through M8.
DP-S503;DP-S600	analysis/data_preprocessing/include/calibrated_event_tree.h	9e1ff39d357770d145a1f7f4b83729b43bf0da46333f3e986313ce1f3a35be39	public_analysis_header	migrated	server_root_synthetic_test_passed	Defines the bounded M6 event-level production contract and retains all raw arrays including the three veto faces needed by M8 without applying reconstruction logic.
DP-S503;DP-S600;DP-S710	analysis/data_preprocessing/src/calibrated_event_tree.cxx	f16fe6f2a83728e80440018fe5cb3a8a61396f60327acee9a72c82b6c7ec6870	analysis_implementation	migrated	server_root_synthetic_test_passed	Preserves the central calibration object exact dual-gain energy rule strict production time correction raw gamma veto T0 and 32-element trigger-monitor arrays output tree schema input validation report and overwrite protection.
DP-S503;DP-S600	analysis/data_preprocessing/apps/build_calibrated_event_tree.cxx	30cdb625fb174bb2e76c132083c98b23c1bd9f8711a910368ed7b471d022d62a	command_line_entry	added	server_config_and_synthetic_test_passed	Accepts repeated files or patterns calibration output and report paths and prints the bounded production configuration including retained veto storage for downstream reconstruction.
DP-S500;DP-S502;DP-S503;DP-S600	analysis/data_preprocessing/tests/test_calibrated_event_tree.cxx	196e88dd94919969fd698ef9448f0a3ee410b92ee743e0cfa7f1adbbe5b85488	synthetic_root_validation	added	server_root_test_passed	Checks exact energy branch paths strict time boundaries array schemas raw gamma veto and T0 retention reports overwrite rejection nested output creation and missing-branch failure.
DP-S504	analysis/data_preprocessing/include/neighbor_time_diagnostics.h	d07eefa9aa3f6b208935006a91a61ae9f4393038ba36fe39946835681c786ce7	public_analysis_header	migrated	server_root_synthetic_test_passed	Defines the bounded M7 CsI05--CsI06 diagnostic contract summaries and portable production entry.
DP-S504	analysis/data_preprocessing/src/neighbor_time_diagnostics.cxx	b9bb890fc349875716aa19272a18a3aabb643f9209c216bd4e225a0ce6b3274d	analysis_implementation	migrated	server_root_synthetic_test_passed	Preserves the exact 60-file input tree expressions 30 MeV selection six ROOT object names types and binning while keeping the selected time-difference object unscaled.
DP-S504	analysis/data_preprocessing/apps/build_neighbor_time_diagnostics.cxx	6c04effe82ba1b504129ca17b426b07c845699a8392509ecbca42ed518b3848a	command_line_entry	added	server_config_and_synthetic_test_passed	Accepts repeated M6 event trees protected output and report paths and prints the frozen M7 definition.
DP-S504	analysis/data_preprocessing/tests/test_neighbor_time_diagnostics.cxx	4a69259822403ede1e54f51c4019d4d57c4f62c10d6139dfb313e741b38da775	synthetic_root_validation	added	server_root_test_passed	Checks all six exact ROOT objects selected and no-cut counts subset behavior unscaled storage historical peak ratio reports nested output overwrite rejection and missing branch failure.
DP-S504	plotting/root/draw_neighbor_time_diagnostics.C	e39256e693108cf3c8098ad866ddc30065ad2f00190a8e03b9f324def4493afa	root_rendering_entry	added	code_reviewed	Reads all six M7 objects and applies the historical peak-height ratio only to a display clone.
DP-S504	plotting/plot_neighbor_time_correlation.py	50177b8836c2091b6e2d757e06459bf319b61feac641013799b95a2f788e8a6c	python_rendering_entry	migrated	python_syntax_and_prior_real_data_route_passed	Preferred mode reads h2_all and h2_cut from M7; the direct-tree route remains only for provenance of the adopted output.
DP-S504	plotting/plot_unit_time_and_neighbor_difference.py	4eb2c8335ed1e60b8734baa54283a8e4eb45ce39b72f687a3c34c3e93217a5c9	python_rendering_entry	migrated	python_syntax_and_synthetic_m7_read_passed	Preferred mode reads h3 h1 and hh_diff from M7 and applies the recorded display-only peak ratio; the direct-tree route retains the prior real-data check.
DP-S504	analysis/data_preprocessing/M7_NEIGHBOR_TIME_DIAGNOSTICS_MIGRATION_REVIEW.md	4358e8305affaacc4766d5439dc784d48231bfa1306f45b0dd6bca212a9da793	migration_review	added	contract_and_server_tests_reviewed	Records source identity object schema display boundary validation status server synthetic coverage and the next-stage boundary.
DP-S307	analysis/data_preprocessing/include/jiugong_recon.h	251c747bad6fe28503d2d840e8f7b2dc804b2dbcdb5b13fe553d957e7a41bc6d	historical_algorithm_header	migrated	server_boundary_and_streaming_test_passed	Preserves the historical result type orthogonal and diagonal adjacency descending-energy scan inclusive one-MeV threshold 50 ns aggregation 100 ns separation and placeholder behavior.
DP-S308	analysis/data_preprocessing/src/jiugong_recon.cxx	a9ed4165e1a2a8af0bd7bb8e77b2258ff27c856b9cf2d7f9da248df1cd6dfabb	root_class_translation_unit	migrated	server_dictionary_generation_passed	Provides the ROOT dictionary translation unit while retaining the implementation in the historical templated header.
DP-S307;DP-S600	analysis/data_preprocessing/include/shower_reconstruction.h	c3273f00dbca04ada84351f00474a00192a9c78ed76016f605036f74b31fac44	public_selection_header	added	server_boundary_test_passed	Defines central side lower-edge and corner roles plus the three-face veto and main-spectrum candidate contract surrounding the historical cluster result.
DP-S307;DP-S600	analysis/data_preprocessing/src/shower_reconstruction.cxx	166994b2d17bf993d1478a461265d032689a8a745a9619c7b058c110d861e8c8	selection_implementation	added	server_boundary_test_passed	Preserves central candidates without veto silence side candidates only when all three veto faces are silent strict 100-to-4000 TDC boundaries and exclusion of lower edges and corners from the main spectrum.
DP-S305;DP-S307;DP-S308	analysis/data_preprocessing/include/ReconstructionLinkDef.h	7e5de1dfb0ff13f3a41f642202041ab7541aa6754cfc677dcacb24e461c729df	root_dictionary_declarations	added	server_dictionary_and_streaming_test_passed	Regenerates dictionaries for jiugong_recon_result_t and the historical nested STL containers without copying generated code or absolute build paths.
DP-S600	analysis/data_preprocessing/include/reconstructed_event_tree.h	ed2130bda87daf7b97a411361f9c4d7f9c34cf4a6716bc034e9db01da1630742	public_analysis_header	added	server_root_synthetic_test_passed	Defines the M8 per-event reconstruction contract and records that per-run detector and reconstructed histogram families are retained for M9.
DP-S600;DP-S710	analysis/data_preprocessing/src/reconstructed_event_tree.cxx	206bbac90f4f4b6656b95c7b5285c500999fc0b835d47dc81741475e94178c7f	analysis_implementation	migrated	server_root_synthetic_test_passed	Retains every M6 branch including the 32-element trigger-monitor array appends recon_result and count_veto and preserves all per-crystal histogram families including zero-energy placeholders.
DP-S600	analysis/data_preprocessing/apps/build_reconstructed_event_tree.cxx	7a84944df5183ce6ef1ed52b361c0e78030c57fcbe72cf399cd65d6e25361754	command_line_entry	added	server_build_and_root_test_passed	Prints the per-run detector and reconstructed histogram schemas in addition to the frozen reconstruction and veto definitions.
DP-S307;DP-S308;DP-S600	analysis/data_preprocessing/tests/test_shower_reconstruction.cxx	0cddcc9a825c35e22c07c3a8c61a84e763f1060e4cc3bc167298477c6945a2a5	data_free_root_validation	added	server_root_test_passed	Checks crystal roles one-MeV 50 ns and 100 ns boundaries orthogonal and diagonal merging placeholders candidate veto branches dictionaries and ROOT streaming.
DP-S600;DP-S710	analysis/data_preprocessing/tests/test_reconstructed_event_tree.cxx	c445d25cee899f653bd0c6a079ae11cc5447d7a2515fd9e31d42bf3bd4f7aab8	synthetic_root_validation	added	server_root_test_passed	Checks trigger-monitor branch propagation in addition to exact detector-energy reconstructed veto-silent vetoed and zero-energy placeholder histogram behavior.
DP-S601	analysis/data_preprocessing/config/central_beam_off_run_groups.tsv	43946447c6b5bb1c40903a38304f4cfb377ba21f0198d6731549433e913e3587	run_group_manifest	added	local_full_python_suite_passed	Freezes the six reviewed beam-off groups separately from the generic historical Makefile rule.
DP-S602;DP-S603	analysis/data_preprocessing/include/reconstructed_spectrum_merge.h	ec7ef5647e04181670f3c9c1126924af9f1be49c6e411af97d03112b33f8206a	public_analysis_header	added	server_build_and_root_test_passed	Defines the M9 explicit-input per-crystal and merged-spectrum contract for beam-on and beam-off samples.
DP-S602;DP-S603	analysis/data_preprocessing/src/reconstructed_spectrum_merge.cxx	8b041aeaa6e83205c53b50a69e41b1a4df25a2125a3ba9645bfcd253f7dbd529	analysis_implementation	migrated	server_root_synthetic_test_passed	Replaces hadd and duplicate macros while preserving h_eDep and all three per-crystal reconstructed families, central h_recon, side h_recon_veto, 0.2 MeV final spectra, c1 and h_rate.
DP-S602;DP-S603	analysis/data_preprocessing/apps/merge_reconstructed_spectra.cxx	771457feb684d316b89ccdd5a1e0dda32fa138a12dc926053945f1e94c987c65	command_line_entry	added	server_build_and_root_test_passed	Accepts repeated explicit M8 files, distinct per-crystal and merged outputs, an explicit sample role, protected outputs and a run report.
DP-S602;DP-S603	analysis/data_preprocessing/tests/test_reconstructed_spectrum_merge.cxx	a94f125384dbcf2c577a8419e814719094c855869db8a5a84741b1c2515214bd	synthetic_root_validation	added	server_root_test_passed	Checks all sixty per-crystal objects, exact central and side group arithmetic, raw 0.2 MeV spectra, diagnostic objects, duplicate inputs, missing objects and overwrite rejection.
DP-S307;DP-S308;DP-S600	analysis/data_preprocessing/M8_SHOWER_RECONSTRUCTION_MIGRATION_REVIEW.md	f378b56d4b24d2bf9ebbbce61b8e1168b99ae9f01bc50d8f68c40016f6596e00	migration_review	added	contract_and_server_tests_reviewed	Records source identities event-tree schema exact reconstruction and veto boundaries M6 dependency validation status limitations and the closed M9 downstream boundary.
DP-S600;DP-S601;DP-S602;DP-S603;DP-S604	analysis/data_preprocessing/M9_RUN_AND_SPECTRUM_MERGE_MIGRATION_REVIEW.md	de1787685a81a5db6ed58feb0633c556cf191c3bc0d90bd25b662d10352e777a	migration_review	added	contract_and_server_tests_reviewed	Records the 60 plus 6 run-group provenance per-run histogram contract beam-on and beam-off sample roles merge arithmetic validation limits and M10 boundary.
DP-S702	analysis/data_preprocessing/include/gamma_position.hpp	01342a11ad41cc265ed87f97b0426fa3468cbc5dd03e71126499636d64e87eff	public_geometry_header	migrated	server_synthetic_test_passed	Defines the 15-crystal relative coordinate interface without duplicating plotting logic.
DP-S703;DP-S704	analysis/data_preprocessing/include/spatial_spread.hpp	33159a4abbda3420b9f2fb3c084c36ef8acf1a04125d26d1f0fb9b2aa8b5faaf	public_observable_header	migrated	server_synthetic_test_passed	Separately names the energy-weighted absolute spreads used by the thesis and the auxiliary squared-weight historical spreads.
DP-S700;DP-S701;DP-S702;DP-S703;DP-S704	analysis/data_preprocessing/include/chapter3_diagnostics.h	8cdb5e64363dffbe87b1c4245eacb5dd1d1be7f395c02c305743a7ead6bae426	public_analysis_header	added	server_synthetic_test_passed	Defines explicit beam-on or beam-off diagnostic production from stored M8 recon_result trees and records both reviewed sample definitions.
DP-S702	analysis/data_preprocessing/src/gamma_position.cxx	e9f0c6a62b008a82955cdd0571fc0ef7084be51dd11bebb847da462830e10af6	geometry_implementation	migrated	server_synthetic_test_passed	Preserves the historical neighbor and diagonal coordinate map and rejects invalid crystal indices.
DP-S703;DP-S704	analysis/data_preprocessing/src/spatial_spread.cxx	423ae3e6e4cc3cd68170c8f34274c567ca1e3933efe503dcf95d678d43818a31	observable_implementation	migrated	server_synthetic_test_passed	Preserves get_ax_ay and get_sx_sy numerical definitions in crystal-pitch units with explicit validity checks.
DP-S700;DP-S701;DP-S702;DP-S703;DP-S704	analysis/data_preprocessing/src/chapter3_diagnostics.cxx	613e390117606bceac4a65e604cef109818141dc32e8e5460e14b60a6c874ec2	analysis_implementation	migrated	server_synthetic_test_passed	Reads the stored reconstruction once; fills the main central plus side-veto diagnostics and the author-confirmed all-15 no-veto multiplicity diagnostics as distinct object families; beam-off retains the historical negative core-time sign.
DP-S700;DP-S701	analysis/data_preprocessing/apps/build_chapter3_diagnostics.cxx	1bd3abdac71d0ce296cb3e4ca4abb601a7cf16ede5007c6ea3aa7c03ab4f8a25	command_line_entry	added	server_build_and_root_test_passed	Accepts repeated explicit M8 inputs, beam-on or beam-off role, protected ROOT output and a public-safe TSV report; configuration printing exposes both candidate definitions.
DP-S700;DP-S701;DP-S702;DP-S703;DP-S704	analysis/data_preprocessing/tests/test_chapter3_diagnostics.cxx	a06e1065ea787854c1631f77632158ff94438bcfe319efbc87042a4916844812	synthetic_root_validation	added	server_root_test_passed	Checks stored reconstruction consumption, spatial observables, main side-veto selection, all-15 no-veto multiplicity, energy boundaries, published time-energy binning, historical beam-off time sign, reports and output creation.
DP-S700;DP-S701;DP-S702;DP-S703;DP-S704	analysis/data_preprocessing/M10A_CHAPTER3_DIAGNOSTICS_MIGRATION_REVIEW.md	13bb43c574930f75f82df574e927c67395da2d483e5c5606d8678c6f4b13040b	migration_review	added	contract_and_server_tests_reviewed	Records the M10A/M10B boundary, two candidate definitions, output-object schemas, stored-reconstruction dependency, historical binning discrepancy, local orchestration validation, server ROOT verification and remaining trigger work.
DP-S700;DP-S704	plotting/records/reconstruction-multiplicity.json	f3b9c5ebd817f9b6647fd1a42a812cad1d707feb2baaf9c783bed6f5b4072063	figure_workflow_record	added	record_validation_passed	Connects the adopted all-15 no-veto multiplicity figure to its historical source, M10A ROOT objects, real-data counts, portable Python renderer, thesis artifact checksum and unresolved 6731/19 provenance note.
DP-S504	plotting/records/neighbor-time-csi05-csi06.json	830357a073a00209a30efb9e05fe5a5d45dcd25c617ffcbce6dc99980df67563	figure_workflow_record	added	record_validation_passed	Connects the adopted two-dimensional time-correlation figure to the historical source M7 objects rendering entries and checksum.
DP-S504	plotting/records/unit05-time-neighbor-difference.json	a78fe9316b2beb716f2b2755f2446cd823d47f5bceef3db29d129ef9fe43d60f	figure_workflow_record	added	record_validation_passed	Connects the adopted one-dimensional timing figure to h3 h1 and unscaled hh_diff and records the real-data peak ratio.
DP-S710;DP-S711;DP-S712	analysis/data_preprocessing/include/trigger_diagnostics.h	eff0afc8ded58bd0f41a335721b4147b93ff95e56c6a8461a5cc27175efcbd05	public_analysis_header	migrated	server_synthetic_test_passed	Defines strict trigger-monitor and inclusive trigger-conditioned windows plus explicit historical and reviewed candidate policies.
DP-S710;DP-S711;DP-S712;DP-S713;DP-S714;DP-S715;DP-S716;DP-S717;DP-S718;DP-S719	analysis/data_preprocessing/src/trigger_diagnostics.cxx	0efc0cb873a25d717189215fa16331c45221bc5331d886bde8b0ab86a416e994	analysis_implementation	migrated	server_synthetic_test_passed	Produces all fifteen trigger-monitor spectra and five conditioned time-energy objects for both the frozen Fig. 15 macro policy and the reviewed main-analysis policy in one pass over stored M8 reconstructions.
DP-S710;DP-S713;DP-S714;DP-S715;DP-S716;DP-S717;DP-S718	analysis/data_preprocessing/apps/build_trigger_diagnostics.cxx	c258f10738702871eb5bcf9f40b551b1c81b9437807cf3274770946bcc214de5	command_line_entry	added	server_build_and_root_test_passed	Protected M10B producer entry with frozen configuration display and machine-readable run report.
DP-S710;DP-S713;DP-S714;DP-S715;DP-S716;DP-S717;DP-S718	analysis/data_preprocessing/tests/test_trigger_diagnostics.cxx	8ecd7008d04ad5f9e1171a3eb522f7f41b27aab1f620d9c112f8df8d247df84e	synthetic_root_validation	added	server_root_test_passed	Checks strict versus inclusive boundaries trigger index mapping histogram schemas and the deliberate difference between historical and reviewed veto policies.
DP-S710;DP-S711;DP-S712	plotting/plot_trigger_tdc_distributions.py	f9755489706b8c9825b8923027988364ca157da695a08d1299509cc6cc8ac1b2	supplementary_python_redraw	updated	local_syntax_passed	Retains the historical input mode and adds a direct M10B portable ROOT input without changing histogram contents.
DP-S713;DP-S714;DP-S715;DP-S716;DP-S717;DP-S718;DP-S719	plotting/plot_trigger_energy_time_correlations.py	b8eb78b656d76f06705b04b23b30710f105e5ca4c715e6243f6e0858a69b2748	supplementary_python_redraw	updated	local_syntax_passed	Retains five historical files reads explicitly selected historical or reviewed M10B objects and records the exact chosen veto policy in output metadata.
DP-S710;DP-S711;DP-S712;DP-S713;DP-S714;DP-S715;DP-S716;DP-S717;DP-S718;DP-S719;DP-S720	analysis/data_preprocessing/M10B_TRIGGER_DIAGNOSTICS_MIGRATION_REVIEW.md	a67afc185af2ccb0c6e675ed0f1d6fdb1592a57e10f90a22096bb6017c9ea45e	migration_review	added	contract_and_server_tests_reviewed	Records retained trigger arrays strict and inclusive windows historical versus reviewed veto policies object schemas unified orchestration and the fifteen-test server result.
DP-S710;DP-S711;DP-S712	plotting/records/cshine-trigger-tdc-distributions.json	37dc540fdc16300952d3a28deafbc77fdac7cf7ab6ebdc702943fa42b5c34b60	figure_workflow_record	updated	record_validation_passed	Maps the adopted trigger-monitor figure to the portable M10B ROOT object family while retaining the historical rendering route.
DP-S713;DP-S714;DP-S715;DP-S716;DP-S717;DP-S718;DP-S719	plotting/records/cshine-trigger-energy-time-correlations.json	25e95d34e8a8a08e5257eae00aae93df107d23899b5c38a863fcfb1b8232404a	figure_workflow_record	updated	record_validation_passed	Maps the adopted historical-policy trigger-conditioned figure to the explicit M10B historical object family and records the distinct reviewed-policy family.
DP-S721;DP-S722;DP-S723;DP-S724	analysis/data_preprocessing/include/fast_coincidence_spectra.h	72199e37ef43b99561f6e266ba9323e0d445823262649da09ba1efef9aea54d7	public_analysis_header	migrated	local_syntax_reviewed	Freezes the SSD M2 exclusion equal-width time windows input tree schema and output spectrum contract.
DP-S721;DP-S722;DP-S723;DP-S724	analysis/data_preprocessing/src/fast_coincidence_spectra.cxx	b1bbe3c815eea732a0a1626a07e95b5f60e802f227520911098ed6eda62ec6ac	analysis_implementation	migrated	server_synthetic_test_passed	Consumes M8 stored reconstructions applies the strict SSD M2 exclusion and inclusive signal or random windows and writes separate central side and total spectra.
DP-S721;DP-S722;DP-S723;DP-S724	analysis/data_preprocessing/apps/build_fast_coincidence_spectra.cxx	a143d0f647fe6813134230dfa00779d6758f15e7b5c71f3e4337f1c3149f3f40	command_line_entry	added	server_build_and_root_test_passed	Accepts explicit M8 inputs and writes protected fast-window random-window ROOT outputs plus a TSV report.
DP-S721;DP-S722;DP-S723;DP-S724	analysis/data_preprocessing/tests/test_fast_coincidence_spectra.cxx	58b1b7375b94fdbf2c5af6439cf8a1943b510fea0dc65f91da77f5c819a79947	synthetic_root_validation	added	server_root_test_passed	Checks strict trigger boundaries inclusive time boundaries main-spectrum veto policy schemas reporting and output protection.
DP-S604;DP-S725	analysis/data_preprocessing/include/observed_spectrum.h	95b61a62b5a30d31da7375487831d3a01a9222534a67e724b8ef846cf3ad00b4	public_analysis_header	migrated	local_syntax_reviewed	Defines distinct M11 subtraction modes and the strict M12 TH1D histDiff interface contract.
DP-S604;DP-S725	analysis/data_preprocessing/src/observed_spectrum.cxx	2859c88fa80d7acec7a0305732fdb9048683f1c9f11e6fbfcd3bde59ae0fbf8e	analysis_implementation	migrated	local_code_reviewed	Preserves M11 arithmetic and adds read-only M12 class axis uncertainty negative-bin and flow-bin validation.
DP-S604;DP-S725	analysis/data_preprocessing/apps/build_observed_spectrum.cxx	ad55c73eb6cfe5b4bad2e08b9262c4da1f553b00d3b23aebe02bc9d825f2d07b	command_line_entry	added	server_build_and_root_test_passed	Requires an explicit slow or fast mode and writes one protected ROOT output and run report.
DP-S604;DP-S725	analysis/data_preprocessing/tests/test_observed_spectrum.cxx	d92449a5a74292779d57ffa68bffdb1b79c4de3d0aba9d45ac1e933722f54269	synthetic_root_validation	added	server_root_test_passed	Checks slow normalization fast direct subtraction one-MeV output binning reports and overwrite rejection.
DP-S604;DP-S721;DP-S722;DP-S723;DP-S724;DP-S725	analysis/data_preprocessing/M11_BACKGROUND_SUBTRACTION_MIGRATION_REVIEW.md	0d126c0b30678d14b4c885c9a41e3b78fb6c745962f4decf38d3ace01304f08b	migration_review	added	contract_and_server_tests_reviewed	Records the separate M11 routes and the author-limited M12 interface handoff, with the later M0B source closure stated explicitly.
DP-S604	analysis/data_preprocessing/apps/inspect_observed_spectrum.cxx	758270ab97825d73a49376ea0683e3362dcf63b3739ef51b4d22b8f0e6f1c7f5	command_line_entry	added	local_code_reviewed	Read-only M12 interface inspector with protected report output and frozen configuration printing.
DP-S604	analysis/data_preprocessing/tests/test_observed_spectrum_interface.cxx	8ba09abd730d7b1c9307239785a1271a8945a6ed111fc17df2b7c259639b73fe	synthetic_root_validation	added	server_root_test_passed	Checks strict TH1D schema stored errors negative and flow bins nested output creation overwrite rejection and TH1F rejection.
DP-S604	analysis/data_preprocessing/M12_OBSERVED_SPECTRUM_INTERFACE_REVIEW.md	4d90f836bfc39df652b4675440e2ba2c9255c518ce92b3667dea3455d77a70cf	migration_review	added	contract_and_server_tests_reviewed	Freezes only the detector-level observed-spectrum interface and records the eighteen-test server result while leaving later physics analyses to consumers.
DP-S801;DP-S802;DP-S803	analysis/data_preprocessing/config/reconstruction_spectra_figure_run_groups.tsv	77be2701250ee16e74a47dd3ca6bfab0986f99a4f077f3b91db6d58f66f9cf98	figure_run_group_manifest	added	local_structure_and_subset_test_passed	Freezes the exact 59-group March 5--10 sample used by the historical figure and excludes the extra March 4 central-analysis run group.
DP-S801;DP-S802;DP-S803	plotting/plot_reconstruction_spectra.py	a1fe6195b49f5ae49b6eec38e83dc588ab2496ba02840eda020975105f742634	supplementary_python_redraw	added	local_syntax_and_contract_review_passed	Reads only M9 per-crystal histograms preserves object families rebinning panel order and normalization and does not repeat reconstruction.
DP-S801;DP-S802;DP-S803	plotting/records/cshine-spectra-reconstruction.json	b3a99568702a7e4542d33ad5334c03b0cdc3f00e8d9f7eedefa3b9ad92397bb6	figure_workflow_record	added	record_validation_passed	Records the exact 59-group source chain portable boundary original adopted PDF checksum and full-data rerun limit.
DP-S801;DP-S802;DP-S803	plotting/README.md	cf493267b5d47ba54e3ba72475152d1b2e0c81684ae184e40109df6c10f3935a	figure_navigation	updated	m0b_figure_contract_reviewed	Defines plotting as the display layer for the SnSn gamma-spectrum calibration repository and documents the 59-group sample three histogram families M8/M9 reuse and unchanged adopted source PDF.
DP-S801;DP-S802;DP-S803	analysis/data_preprocessing/provenance/README.md	7f8241d89c5fffd0d4a06870a873f966e5169cb4bb88474ef1bc561988d88ebf	provenance_navigation	updated	m0b_source_closure_reviewed	States that the before/after reconstruction producer final notebook and dedicated figure sample are frozen and that generated parameter references remain local-only.
